Date,FII,DII,NIFTY
2008-01-01,-461.41,306.94,6144.35
2008-01-02,-628.68,427.11,6179.4
2008-01-03,-244.56,526.65,6178.55
2008-01-04,16.01,506.85,6274.3
2008-01-05,"-1,543.44",327.64,6279.1
2008-01-06,570.65,92.08,6287.85
2008-01-07,-392.03,85.51,6272
2008-01-08,-253.34,388.73,6156.95
2008-01-09,107.4,1.92,6200.1
2008-01-10,-257.66,-193.55,6206.8
2008-01-11,-365.09,-89.74,6074.25
2008-01-12,"-2,517.59",188.97,5935.75
2008-01-13,"-2,267.40",734.75,5913.2
2008-01-14,"-2,146.92",695.56,5705.3
2008-01-15,"-3,296.73","3,399.20",5208.8
2008-01-16,"-4,265.19","2,778.71",4899.3
2008-01-17,"-3,021.54","1,291.76",5203.4
2008-01-18,"-2,254.93","1,117.03",5033.45
2008-01-19,208.48,248.35,5383.35
2008-01-20,"-1,038.45",597.94,5274.1
2008-01-21,-546.09,98.82,5280.8
2008-01-22,-911,723.11,5167.6
2008-01-23,"-3,938.00","2,160.35",5137.45
2008-01-24,-126.93,-115.4,5317.25
2008-01-25,163.74,731.83,5463.5
2008-01-26,311.78,-135.16,5483.9
2008-01-27,-485.94,357.32,5322.55
2008-01-28,-860.35,230.7,5133.25
2008-01-29,-797.25,192.98,5120.35
2008-01-30,"-1,268.67",-22.27,4857
2008-01-31,-498.06,351.16,4838.25
2008-02-01,9.4,23.59,4929.45
2008-02-02,60.99,205.03,5202
2008-02-03,261.2,138.66,5302.9
2008-02-04,-342.08,-134.16,5276.9
2008-02-05,329.25,-48.29,5280.8
2008-02-06,-266.44,256.18,5154.45
2008-02-07,209.43,-140.68,5191.8
2008-02-08,-709.54,105.49,5110.75
2008-02-09,783.86,-316.49,5200.7
2008-02-10,-31.99,511.33,5270.05
2008-02-11,350.45,341.35,5268.4
2008-02-12,-809.1,732.38,5285.1
2008-02-13,-334.87,742.79,5223.5
2008-02-14,-711.31,80.47,4953
2008-02-15,-512.33,170.23,4864.25
2008-02-16,-285.03,-131.68,4921.4
2008-02-17,513.04,-66.79,4771.6
2008-02-18,"-1,248.04",758.79,4800.4
2008-02-19,-539.24,303.36,4865.9
2008-02-20,127.94,-528.06,4872
2008-02-21,-108.5,56.44,4623.6
2008-02-22,-358,100.33,4745.8
2008-02-23,-658.22,211.48,4503.1
2008-02-24,"-1,011.05",177.33,4533
2008-02-25,30.54,142.19,4573.95
2008-02-26,376.13,-253.27,4609.85
2008-02-27,"1,246.12",399.97,4877.5
2008-02-28,393.91,-108.65,4828.85
2008-02-29,247.98,339.84,4830.25
2008-03-01,-401.95,729.5,4942
2008-03-02,-865.79,566.03,4734.5
2008-03-03,-638.86,-289.56,4739.55
2008-03-04,-135.65,264.37,4754.2
2008-03-05,-393.41,265.39,4771.6
2008-03-06,-848.57,579.84,4647
2008-03-07,346.04,245.93,4761.2
2008-03-08,7.27,447.79,4709.65
2008-03-09,-307.27,475.81,4747.05
2008-03-10,-462.34,594.48,4733
2008-03-11,-173,326.04,4777.8
2008-03-12,-56.52,13.27,4879.65
2008-03-13,-49.89,-90.08,4887.3
2008-03-14,597.53,-59.87,4958.4
2008-03-15,169.66,111.58,5037
2008-03-16,292.96,-119.54,5049.3
2008-03-17,-480.93,70.04,5022.8
2008-03-18,-759.16,442.88,4999.85
2008-03-19,313.09,-75.47,5111.7
2008-03-20,-38.33,-166.61,5089.65
2008-03-21,232.18,403.27,5195.5
2008-03-22,-151.68,-38.58,5165.9
2008-03-23,658.34,-18,5228.2
2008-03-24,-236.81,457.16,5192.25
2008-03-25,-815.61,295.35,5144.65
2008-03-26,88.3,234.83,5135.5
2008-03-27,-724.49,609.51,5081.7
2008-03-28,-619.34,180.16,4982.6
2008-03-29,-210.57,241.01,5012.65
2008-03-30,73.93,266.5,4957.8
2008-03-31,85.12,310.41,5011.75
2008-04-01,706.88,363.11,5115.25
2008-04-02,475.87,392.1,5157.7
2008-04-03,-320.5,0.39,5104.95
2008-04-04,-776.63,452.66,5117.65
2008-04-05,-537.35,415.16,5025.45
2008-04-06,-654.31,750.03,4946.55
2008-04-07,"-1,337.33",842.05,4875.05
2008-04-08,-496.61,529.69,4859.8
2008-04-09,-883.23,527.98,4918.35
2008-04-10,"-1,277.63",698,4835.3
2008-04-11,106.38,729.93,4870.1
2008-04-12,-349.84,9.81,4739.6
2008-04-13,"-1,020.70",262.49,4715.9
2008-04-14,"-1,198.80",419.81,4585.6
2008-04-15,"-1,418.34",570.03,4676.95
2008-04-16,76.65,400.15,4627.8
2008-04-17,"-1,344.67","1,030.26",4500.95
2008-04-18,-910.16,296.39,4449.8
2008-04-19,-217.27,546.47,4523.6
2008-04-20,"-1,211.20",500.44,4539.35
2008-04-21,-116.51,457.33,4517.1
2008-04-22,-547.84,293.05,4572.5
2008-04-23,142.36,420.08,4653
2008-04-24,-435,193.64,4582.4
2008-04-25,-598.36,141.07,4504.25
2008-04-26,-999.31,563.86,4347.55
2008-04-27,-665.56,91.75,4266.4
2008-04-28,90.06,475.94,4191.1
2008-04-29,-363.71,529.87,4252.65
2008-04-30,-667.19,395.64,4315.85
2008-05-01,-703.11,305.71,4136.65
2008-05-02,-208.66,724.18,4040.55
2008-05-03,209.43,162.5,3896.75
2008-05-04,-668.43,421.01,4093.35
2008-05-05,-606.92,526.1,3925.75
2008-05-06,372.35,-97.02,4016
2008-05-07,-439.57,75.9,4030
2008-05-08,-326.27,427.27,3988.55
2008-05-09,-435.54,139.22,4157.1
2008-05-10,-551.67,-112.46,4162.2
2008-05-11,-467.67,214.74,4049
2008-05-12,-436.52,-63.25,4039.7
2008-05-13,-702.7,283.4,3861.1
2008-05-14,-229,14.12,3816.7
2008-05-15,310.45,168.02,3947.2
2008-05-16,408.21,-70.47,4092.25
2008-05-17,-62.22,-230.96,4159.5
2008-05-18,-597.35,261.61,4240.1
2008-05-19,"1,306.56",-875.22,4476.8
2008-05-20,272.36,-609.68,4433.55
2008-05-21,-565.73,-302.41,4311.85
2008-05-22,-721.9,456.67,4332.1
2008-05-23,-538.27,-254.59,4189.85
2008-05-24,-628.47,672.12,4313.55
2008-05-25,494.87,320.57,4332.95
2008-05-26,-587.28,396.34,4413.55
2008-05-27,-507.81,-46.97,4395.35
2008-05-28,-397.67,287.4,4502.85
2008-05-29,"1,815.74",-804.36,4517.55
2008-05-30,-223.19,24.1,4523.85
2008-05-31,-142.22,16.29,4529.5
2008-06-01,280.61,505.3,4620.4
2008-06-02,-687.19,-7.65,4552.25
2008-06-03,-915.58,226.12,4529.05
2008-06-04,-573.98,23.32,4430.7
2008-06-05,-475.5,128.91,4393.05
2008-06-06,-716.35,14.56,4368.25
2008-06-07,-447.34,205.6,4415.75
2008-06-08,-545.71,344.89,4283.85
2008-06-09,-239.24,450.39,4327.45
2008-06-10,62.92,96.26,4335.35
2008-06-11,-572.04,276.92,4337.5
2008-06-12,-32.49,163.27,4292.1
2008-06-13,-187.19,390.62,4214
2008-06-14,-364.61,281.07,4360
2008-06-15,-241.85,82.62,4348.65
2008-06-16,"1,132.25",209.79,4504
2008-06-17,-603.28,431.11,4447.75
2008-06-18,"-1,857.00",484.77,4352.3
2008-06-19,253.43,-132.62,4482.3
2008-06-20,-391.53,106.27,4468.7
2008-06-21,"-1,037.28",492.56,4400.25
2008-06-22,"-1,506.96",586.59,4290.3
2008-06-23,"-1,497.67",695.41,4228.45
2008-06-24,-763.02,"1,328.14",4072.9
2008-06-25,"-1,303.41",612.36,4074.9
2008-06-26,"-1,064.17",948.93,4008.25
2008-06-27,"-1,201.64","1,192.20",4038.15
2008-06-28,"1,016.18",43.91,4245.25
2008-06-29,138.21,-206.12,4223.05
2008-06-30,-924.4,68.77,4126.9
2008-07-01,-494.4,170.18,4161.25
2008-07-02,"-1,050.38",605.59,4110.55
2008-07-03,-643.04,543.57,3985.25
2008-07-04,-476.94,554.82,3850.05
2008-07-05,14.16,394.11,3921.2
2008-07-06,-274.9,48.65,3950.75
2008-07-07,"-1,662.26",56.75,3818.3
2008-07-08,"-1,169.33",661,3602.35
2008-07-09,-680.42,548.29,3606.6
2008-07-10,"-1,055.51","1,083.56",3513.65
2008-07-11,"-2,513.74","1,744.68",3279.95
2008-07-12,"-1,060.60",582.31,3490.7
2008-07-13,898.25,-252.37,3518.65
2008-07-14,"-1,030.79",669.96,3338.4
2008-07-15,"-1,160.63",737.77,3269.3
2008-07-16,-915.54,712.77,3074.35
2008-07-17,-816.79,216.43,3122.8
2008-07-18,-258.42,883.76,3234.9
2008-07-19,-543.95,404.05,3065.15
2008-07-20,-811.69,619.91,2943.15
2008-07-21,"-1,431.56",514.26,2584
2008-07-22,"-1,027.30",916.18,2524.2
2008-07-23,-69.18,24.78,2684.6
2008-07-24,"-1,306.35",739.66,2697.05
2008-07-25,"1,237.21",-116.1,2885.6
2008-07-26,363.55,-97.03,3043.85
2008-07-27,-15.61,-174.2,3142.1
2008-07-28,216.4,-168.75,2994.95
2008-07-29,-511.53,351.57,2892.65
2008-07-30,-19.27,-147.08,2973
2008-07-31,92.33,377.66,3148.25
2008-08-01,-370.95,229.12,2938.65
2008-08-02,-735.14,215.48,2848.45
2008-08-03,-811.52,-25.15,2810.35
2008-08-04,-521.16,-178.23,2799.55
2008-08-05,-441.59,458.6,2683.15
2008-08-06,-264.98,195.71,2635
2008-08-07,-762.94,426.95,2553.15
2008-08-08,-705.56,46.22,2693.45
2008-08-09,-560.83,224.9,2708.25
2008-08-10,-161.88,155.09,2654
2008-08-11,-416.82,362.05,2752.25
2008-08-12,168.54,621.24,2755.1
2008-08-13,28.64,49.19,2682.9
2008-08-14,-323.01,105.31,2657.8
2008-08-15,-452.11,366.24,2656.45
2008-08-16,307.14,79.24,2788
2008-08-17,-4.52,-184.02,2714.4
2008-08-18,350.34,-617.05,2784
2008-08-19,950.65,-59.01,2928.25
2008-08-20,444.18,-15.37,2920.15
2008-08-21,-16.52,325.81,2921.35
2008-08-22,230.48,42.72,2981.2
2008-08-23,6.42,-39.4,3041.75
2008-08-24,-188.65,-97.82,2954.35
2008-08-25,-33.17,-355.99,3060.75
2008-08-26,378.43,410.85,3077.5
2008-08-27,-191.49,207.55,3039.3
2008-08-28,-264.05,88.18,2968.65
2008-08-29,-144.26,613.98,2916.85
2008-08-30,-344.91,-6.95,2857.25
2008-08-31,4.42,243.21,2922.2
2008-09-01,214.95,375.65,2979.5
2008-09-02,81.85,373.96,2959.15
2008-09-03,92.04,160.41,3033.45
2008-09-04,121.18,238.52,3046.75
2008-09-05,469.56,220.82,3121.45
2008-09-06,374.02,-11.81,3112.8
2008-09-07,"-1,111.25",-505.49,2920.4
2008-09-08,-350.55,-13.26,2873
2008-09-09,-563.57,217.83,2773.1
2008-09-10,-345.78,152.58,2744.95
2008-09-11,91.44,10.98,2835.3
2008-09-12,-484.33,175.12,2736.7
2008-09-13,-585.41,400.73,2828.45
2008-09-14,-363.37,275.97,2846.2
2008-09-15,-308.15,185.05,2796.6
2008-09-16,-786.62,282.73,2706.15
2008-09-17,-304.45,3.96,2713.8
2008-09-18,-522.91,203.98,2678.55
2008-09-19,-228.56,139.64,2771.35
2008-09-20,-217.32,601.88,2849.5
2008-09-21,-84.64,580.11,2823.95
2008-09-22,-64.15,398.39,2874.8
2008-09-23,-125.68,-161.38,2766.65
2008-09-24,-278.89,-7.75,2783.9
2008-09-25,-27.08,284,2803.05
2008-09-26,-26.97,-100.72,2780.05
2008-09-27,117.23,131.67,2843.1
2008-09-28,285.39,-45.98,2919.9
2008-09-29,368.96,-116.99,2934.5
2008-09-30,-34.76,-75.27,2925.7
2008-10-01,-185.32,84.37,2893.05
2008-10-02,-13.15,216.37,2948.35
2008-10-03,-45.33,189.52,2848.5
2008-10-04,-462.21,278.42,2770.5
2008-10-05,-288.45,102.34,2776.15
2008-10-06,-363.48,108.44,2789.35
2008-10-07,-201.17,167.18,2736.45
2008-10-08,-431.18,358.71,2733.9
2008-10-09,-384.37,367.84,2762.5
2008-10-10,-273.94,344.53,2785.65
2008-10-11,-463.03,649.26,2763.65
2008-10-12,-580.43,334.13,2674.6
2008-10-13,-741.33,523.57,2622.4
2008-10-14,-494.22,118.86,2645.2
2008-10-15,-590.92,479.04,2576.7
2008-10-16,-274.68,298.94,2620.15
2008-10-17,-84.94,299.72,2573.15
2008-10-18,-186.86,227.1,2617.45
2008-10-19,299.23,392.68,2719.25
2008-10-20,-102.34,253.39,2777.25
2008-10-21,415.12,-152.7,2757.45
2008-10-22,222.14,526.34,2794.7
2008-10-23,23,-18.75,2807.15
2008-10-24,-149.18,-94.03,2807.05
2008-10-25,376.23,376.51,2939.9
2008-10-26,501.76,-192.99,2938.7
2008-10-27,348.65,8.92,2984.35
2008-10-28,"1,290.74",-461.87,3082.25
2008-10-29,80.43,42.98,3108.65
2008-10-30,-452.32,-49.38,2978.15
2008-10-31,-583.65,"1,039.07",3020.95
2008-11-01,173.75,11.6,3060.35
2008-11-02,691.56,254.71,3211.05
2008-11-03,196.74,-81.76,3256.6
2008-11-04,573.33,-378.22,3342.95
2008-11-05,170.92,308.39,3342.05
2008-11-06,580.49,-152.25,3382.6
2008-11-07,684.5,290.22,3484.15
2008-11-08,479.09,"-1,124.24",3369.5
2008-11-09,669.85,182.7,3384.4
2008-11-10,348.05,108.9,3377.1
2008-11-11,-191.01,-187.69,3365.3
2008-11-12,-0.83,82.25,3330.3
2008-11-13,241.13,425.83,3423.7
2008-11-14,576.77,15.31,3480.75
2008-11-15,257.38,68.06,3470
2008-11-16,-256.85,-202.15,3362.35
2008-11-17,365.23,-403.99,3473.95
2008-11-18,"1,417.28",-92.6,3654
2008-11-19,508.51,-129.85,3661.9
2008-11-20,530.92,-28.26,3625.05
2008-11-21,388.33,42.4,3683.9
2008-11-22,-100.89,-89.39,3620.7
2008-11-23,79.88,-17.31,3554.6
2008-11-24,452.18,177.74,3681.1
2008-11-25,"4,106.96",105.73,3635.25
2008-11-26,-301.92,254.3,3593.45
2008-11-27,983.86,432.47,3671.65
2008-11-28,44.64,-8.41,4323.15
2008-11-29,"4,792.56","-1,964.19",4318.45
2008-11-30,-985.53,4.99,4270.3
2008-12-01,-2.14,-371.48,4210.9
2008-12-02,-761.66,434.53,4238.5
2008-12-03,427.97,197.68,4237.55
2008-12-04,-197.02,-138.19,4116.7
2008-12-05,369.8,685.64,4276.05
2008-12-06,"1,859.59",-451.25,4337.1
2008-12-07,272.77,873,4448.95
2008-12-08,279.67,-196.74,4529.9
2008-12-09,-233.29,-424.14,4525.25
2008-12-10,32.8,52.89,4530.7
2008-12-11,465.34,-530.2,4572.65
2008-12-12,831.95,-480.13,4586.9
2008-12-13,-14.47,-875.92,4429.9
2008-12-14,955.31,-143.21,4550.95
2008-12-15,738.09,589.88,4655.25
2008-12-16,786.57,558.14,4637.7
2008-12-17,469.35,-250.71,4583.4
2008-12-18,-411.54,-586.63,4484
2008-12-19,-728.51,145.12,4517.8
2008-12-20,-363.99,569.1,4356.15
2008-12-21,-584.87,538.89,4251.4
2008-12-22,-29.08,413.2,4313.6
2008-12-23,-300.29,413.74,4235.25
2008-12-24,-654.97,318.42,4247
2008-12-25,-791.85,728.26,4292.95
2008-12-26,"-1,482.82","1,118.05",4241.85
2008-12-27,551.14,333.95,4375.5
2008-12-28,292.44,143.84,4390.95
2008-12-29,107.88,197.98,4291.1
2008-12-30,185.58,-76.38,4340.9
2008-12-31,247.26,212.65,4348.85
2009-01-01,210.82,298.58,4424.25
2009-01-02,"-1,483.03",815.71,4165.7
2009-01-03,-921.39,790.16,4202.15
2009-01-04,-828.01,594.07,4078.9
2009-01-05,-545.55,578.16,4080.95
2009-01-06,-903.32,886.13,4003.9
2009-01-07,-559.23,742.26,3974.05
2009-01-08,87.23,200.29,4111.4
2009-01-09,255.46,272.97,4233.5
2009-01-10,32.37,-35.02,4231.4
2009-01-11,142.15,535.36,4374.95
2009-01-12,563.2,151.85,4502.25
2009-01-13,-250.86,-7.44,4469.1
2009-01-14,66.84,-224.58,4398.9
2009-01-15,511.94,-34.16,4523.75
2009-01-16,663.02,-206.55,4568.55
2009-01-17,439.54,-278.97,4572.3
2009-01-18,-58.76,448.22,4564.1
2009-01-19,-168.79,126.23,4513.5
2009-01-20,366.81,-286.67,4571.45
2009-01-21,582.12,316.11,4636.45
2009-01-22,347.01,61.01,4711.4
2009-01-23,219.1,253.29,4680.5
2009-01-24,-690.53,-23.9,4694.15
2009-01-25,-371.41,257.4,4585.5
2009-01-26,"-1,050.81",414.43,4481.4
2009-01-27,-639.92,86.14,4437.65
2009-01-28,-177.47,628.87,4471.35
2009-01-29,-504.99,190.58,4457.5
2009-01-30,630.94,182.85,4605
2009-01-31,-126.1,443.74,4580.05
2009-02-01,"-1,226.49",460.32,4387.9
2009-02-02,-721.84,467.44,4458.9
2009-02-03,-622.06,83.77,4394.1
2009-02-04,-438.19,489.42,4453.45
2009-02-05,532.8,95.72,4528.8
2009-02-06,711.54,275.06,4642.8
2009-02-07,-259.14,436.59,4659.35
2009-02-08,378.54,128.65,4680.85
2009-02-09,-41.47,29.22,4688.2
2009-02-10,554.31,5.46,4732.35
2009-02-11,-270.85,18.65,4662.1
2009-02-12,-635.94,366.89,4625.35
2009-02-13,-72.69,382.49,4593.55
2009-02-14,-399.92,-5.35,4680.4
2009-02-15,"1,060.62",149.96,4782.9
2009-02-16,991.75,206.25,4805.25
2009-02-17,193.36,238.69,4814.25
2009-02-18,468.05,-123.67,4819.4
2009-02-19,228.77,-294.2,4829.55
2009-02-20,-44.4,-6.11,4808.6
2009-02-21,776.1,133.44,4892.1
2009-02-22,"1,105.64",143.45,4958.4
2009-02-23,"2,759.46",186.24,4965.55
2009-02-24,"1,486.08",-505.38,4976.05
2009-02-25,852.73,-539.14,5020.2
2009-02-26,"1,748.99",500.47,4969.95
2009-02-27,"1,061.52",-616.77,4986.55
2009-02-28,-37.72,227.26,4958.95
2009-03-01,714.5,91.77,5006.85
2009-03-02,"1,074.53",159.75,5083.95
2009-03-03,976.46,-331.63,5083.4
2009-03-04,-310.01,-567.75,5003.2
2009-03-05,-156.97,-767.57,5027.4
2009-03-06,634.54,301.6,4985.75
2009-03-07,-376,-20.83,5002.25
2009-03-08,-44.27,86.72,4945.2
2009-03-09,963.13,-274.88,5054.25
2009-03-10,"1,443.78",-196.91,5118.2
2009-03-11,752.48,-443.08,5108.85
2009-03-12,576.78,6.99,5142.15
2009-03-13,275.89,-140.8,5114.45
2009-03-14,-511.81,-290.91,5063.6
2009-03-15,-499.28,-18.07,4988.6
2009-03-16,-478.8,172.99,4997.05
2009-03-17,-2.74,-171.16,4970.9
2009-03-18,-548.77,141.56,4846.7
2009-03-19,-723.66,896.23,4826.15
2009-03-20,"-2,546.67",977.06,4750.55
2009-03-21,576.05,592.93,4711.7
2009-03-22,-874.26,751.95,4563.9
2009-03-23,234.31,557.19,4710.8
2009-03-24,126.94,199.5,4765.55
2009-03-25,587.02,236.62,4796.15
2009-03-26,477.69,-287.26,4898.4
2009-03-27,259.17,182.26,4881.7
2009-03-28,861.84,90.52,5003.95
2009-03-29,68.76,-108.81,4952.65
2009-03-30,471.12,-25.4,4998.95
2009-03-31,544.64,-294.64,5058.05
2009-04-01,463.42,-235.54,5062.25
2009-04-02,412.13,-256.73,5054.7
2009-04-03,-459.18,116.79,4989
2009-04-04,-463.89,18.46,5052.45
2009-04-05,-168.41,132.34,5103.55
2009-04-06,169.69,-146.83,5090.55
2009-04-07,-331.65,141.69,5108.15
2009-04-08,-70.2,150.55,5005.55
2009-04-09,"-1,057.18",698.67,4941.75
2009-04-10,456.11,469.71,5032.7
2009-04-11,579.09,-125.07,5122
2009-04-12,885.65,-213.64,5123.25
2009-04-13,334.07,-199.91,5131.7
2009-04-14,198.14,-56.64,5108.9
2009-04-15,-191.5,-185.25,5066.7
2009-04-16,843.18,-503.98,5147.95
2009-04-17,-377.32,18.87,5112
2009-04-18,294.04,69.23,5134.65
2009-04-19,338.46,-7.17,5117.3
2009-04-20,62.27,108.92,5105.7
2009-04-21,-6.14,38.69,5033.05
2009-04-22,-355.25,274.92,5042.05
2009-04-23,192.82,133.28,5041.75
2009-04-24,-206.85,330.95,4987.7
2009-04-25,-291.94,353.83,4952.6
2009-04-26,-110.06,510.59,4985.85
2009-04-27,769.53,13.02,5144.6
2009-04-28,706.83,-111.11,5178.4
2009-04-29,-53.73,3.19,5187.95
2009-04-30,113.47,69.11,5169.45
2009-05-01,516.1,-472.16,5201.05
2009-05-02,613.42,"2,330.25",5232.2
2009-05-03,970.29,299.89,5277.9
2009-05-04,660.55,-286.1,5281.8
2009-05-05,92.21,-127.41,5263.1
2009-05-06,69.38,182.87,5244.75
2009-05-07,"3,041.56",322.46,5249.4
2009-05-08,-362.76,454.86,5210.4
2009-05-09,-285.84,122.09,5233.95
2009-05-10,-312.01,529.12,5259.9
2009-05-11,-930.09,680.95,5252.2
2009-05-12,152.9,-21.46,5274.85
2009-05-13,-361.67,22.54,5225.65
2009-05-14,-271.33,344.41,5221.7
2009-05-15,-853.75,231.36,5094.15
2009-05-16,"-2,415.49","1,953.97",5036
2009-05-17,"-1,002.60",716.22,5007.9
2009-05-18,"-2,212.29","1,475.41",4853.1
2009-05-19,"-2,813.06","1,979.58",4867.25
2009-05-20,-996.09,"1,011.02",4882.05
2009-05-21,-494.66,199.83,4899.7
2009-05-22,-455.01,41.93,4830.1
2009-05-23,396.13,0.46,4931.85
2009-05-24,-155.38,241.39,4845.35
2009-05-25,"-1,726.78","1,168.98",4718.65
2009-05-26,-935.55,381.07,4760.4
2009-05-27,-525.27,399.25,4792.65
2009-05-28,-208.62,459.11,4757.2
2009-05-29,211.9,60.82,4826.85
2009-05-30,195.99,-113.97,4801.95
2009-05-31,385.72,-452.74,4855.75
2009-06-01,520.22,197.14,4914
2009-06-02,-351.17,-122.67,4887.75
2009-06-03,17.91,-397.13,4844.9
2009-06-04,-101.58,116.6,4856.4
2009-06-05,550.69,-179.74,4870.05
2009-06-06,485.54,-154.67,4858.6
2009-06-07,-594.78,325.92,4859.75
2009-06-08,841.23,-859.63,4922.3
2009-06-09,"1,335.32",-977.36,5017
2009-06-10,959.17,-186.71,5088.1
2009-06-11,633.81,-635.89,5080.25
2009-06-12,913.34,-661.26,5088.7
2009-06-13,"1,132.01",-568.63,5124
2009-06-14,"2,173.09",-171.66,5101.5
2009-06-15,364.36,-375.42,5116.25
2009-06-16,304.87,-202.7,5133.4
2009-06-17,371.68,-90.81,5137
2009-06-18,659.7,-128.45,5128.9
2009-06-19,377.84,-158.55,5198.1
2009-06-20,815.94,-297.72,5231.9
2009-06-21,484.67,-53.15,5245.9
2009-06-22,284.25,112.69,5262.8
2009-06-23,302.78,-33.14,5205.2
2009-06-24,359.75,-73.39,5225.3
2009-06-25,653.22,-156.19,5260.4
2009-06-26,590.9,49.41,5282
2009-06-27,"1,062.82",-270.45,5302.85
2009-06-28,579.29,100.11,5262.45
2009-06-29,433.52,-356.58,5249.1
2009-06-30,106.4,452.33,5290.5
2009-07-01,766.07,403.33,5368.4
2009-07-02,261.7,81.07,5366
2009-07-03,338.78,-23.43,5374.65
2009-07-04,62.2,-93.62,5304.45
2009-07-05,233.09,-66.46,5361.75
2009-07-06,14.41,-192.64,5339.7
2009-07-07,128.52,252.87,5322.95
2009-07-08,99.7,-76.87,5273.6
2009-07-09,243.3,-188.91,5262.6
2009-07-10,-755.51,569.64,5203.65
2009-07-11,-156.65,101.28,5230.1
2009-07-12,82.96,25.25,5244.9
2009-07-13,518.3,181.86,5269.35
2009-07-14,339.3,29.09,5304.1
2009-07-15,234.23,-73.69,5322.45
2009-07-16,-164.29,1.09,5308.35
2009-07-17,-131.13,324.1,5215.45
2009-07-18,90.44,266.76,5254.15
2009-07-19,355.55,217.61,5278
2009-07-20,-387.05,-107.01,5222.75
2009-07-21,-29.68,-438.08,5148.5
2009-07-22,"-1,589.68",691.15,5124.9
2009-07-23,-937.75,379.96,5090.85
2009-07-24,"-1,308.39",654.35,5018.05
2009-07-25,263.96,30.25,5193.6
2009-07-26,20.19,22.49,5136.15
2009-07-27,-297.23,180.42,5156.65
2009-07-28,-15.57,222.4,5178.9
2009-07-29,-381.42,164.64,5093.5
2009-07-30,"-1,224.29",381.89,5059.9
2009-07-31,-439.7,326.61,5066.2
2009-08-01,"-1,383.91",56.35,4919.65
2009-08-02,-657.23,721.15,4947.6
2009-08-03,"-1,540.32",816.92,4931.15
2009-08-04,-995.32,"1,107.42",4943.95
2009-08-05,"-1,464.19",406.12,4806.75
2009-08-06,-166.66,64.86,4917.4
2009-08-07,-533.07,410.44,5003.1
2009-08-08,409.68,342.63,5066.55
2009-08-09,586.51,-73.77,5086.3
2009-08-10,-526.49,210.62,4970.2
2009-08-11,-166.5,165.16,5019.85
2009-08-12,406.22,79.01,5110.5
2009-08-13,100.91,-126.61,5135.5
2009-08-14,-403.45,-202.51,5034
2009-08-15,-242.91,41.09,4987.1
2009-08-16,-256.51,127.56,5000.3
2009-08-17,244.76,-105.19,5078.6
2009-08-18,820.88,-213.76,5119.35
2009-08-19,347.8,-41.43,5197.7
2009-08-20,590.09,-351.46,5222.35
2009-08-21,783.92,-170.76,5233.35
2009-08-22,462.6,-363.63,5274.85
2009-08-23,779.31,-499.76,5262.6
2009-08-24,"1,564.30",-561.44,5353.3
2009-08-25,975.83,-196.99,5316.55
2009-08-26,265.33,-866.22,5323.15
2009-08-27,"1,153.96",-893.83,5320.6
2009-08-28,-307.62,-446.2,5269.05
2009-08-29,792.79,-94.88,5333.5
2009-08-30,-261.15,-114.71,5256.15
2009-08-31,589.88,-151.11,5312.5
2009-09-01,-160.61,-6.7,5251.4
2009-09-02,-305.23,26.26,5237.1
2009-09-03,342.35,-84.21,5289.05
2009-09-04,-49.24,134.69,5241.1
2009-09-05,957.06,-270.57,5296.85
2009-09-06,"1,104.08",38.72,5352.45
2009-09-07,"1,001.75",-293.05,5383
2009-09-08,784.68,-650.96,5400.65
2009-09-09,569.24,-331.48,5386.15
2009-09-10,365.09,-588.46,5378.75
2009-09-11,676.44,-281.92,5393.9
2009-09-12,153.79,-261.3,5386.45
2009-09-13,297.07,-104.26,5368
2009-09-14,362.44,-302.68,5399.35
2009-09-15,174.68,-512.19,5441.95
2009-09-16,711.08,-101.56,5449.1
2009-09-17,196.32,-718.87,5418.6
2009-09-18,-22.8,-222.28,5430.6
2009-09-19,593.16,-690.78,5397.55
2009-09-20,578.85,-920.35,5408.9
2009-09-21,210.86,-129.97,5367.6
2009-09-22,728.14,-172.8,5431.65
2009-09-23,607.42,-152.52,5439.55
2009-09-24,688.69,-275.89,5467.85
2009-09-25,73.02,-187.81,5447.1
2009-09-26,664.94,-340.59,5439.25
2009-09-27,522.12,-45.51,5486.15
2009-09-28,599.33,-540.67,5460.7
2009-09-29,-85.81,23.5,5420.6
2009-09-30,218.19,-656.05,5416.45
2009-10-01,50.15,33.38,5452.1
2009-10-02,400.01,-433.91,5418.3
2009-10-03,404.09,-400.12,5414.15
2009-10-04,674.52,-113.51,5479.15
2009-10-05,821.18,215.09,5540.2
2009-10-06,662.86,-102.16,5530.65
2009-10-07,318.23,-159.78,5543.5
2009-10-08,191.05,-689.54,5505.1
2009-10-09,-364.96,-266.77,5462.35
2009-10-10,-108.16,239.6,5408.7
2009-10-11,184.41,68.71,5415.45
2009-10-12,287.88,-595.33,5402.4
2009-10-13,359.81,168.56,5471.85
2009-10-14,82.31,-118.28,5486.15
2009-10-15,283.02,-123.5,5479.4
2009-10-16,946.53,392.13,5576.95
2009-10-17,-20.88,441.14,5604
2009-10-18,281.96,-98.21,5607.85
2009-10-19,987.99,-201.53,5640.05
2009-10-20,"2,519.88",-960.81,5760
2009-10-21,"1,651.42","-1,124.30",5795.55
2009-10-22,"2,214.99",-909.96,5860.95
2009-10-23,"1,120.03","-1,105.25",5828.7
2009-10-24,"1,518.76",-747.24,5884.95
2009-10-25,"1,792.64",-457.91,5980.45
2009-10-26,"2,311.77","-1,259.98",6009.05
2009-10-27,914.77,-973.81,5991
2009-10-28,534.45,-645.69,5959.55
2009-10-29,"1,149.80",-879.83,6018.3
2009-10-30,573.13,-905.32,6029.5
2009-10-31,756.37,-835.21,5991.3
2009-11-01,"2,496.89","-1,521.63",6029.95
2009-11-02,"1,825.20",-671.08,6143.4
2009-11-03,"1,264.11",-797.83,6159.45
2009-11-04,671.12,-802.95,6145.8
2009-11-05,"1,842.44",-976.46,6186.45
2009-11-06,"1,182.91","-1,193.53",6120.3
2009-11-07,586.22,"-1,002.01",6103.45
2009-11-08,810.3,-574.81,6135.85
2009-11-09,455.73,-454.52,6090.9
2009-11-10,"2,102.95","-1,354.81",6233.9
2009-11-11,"1,019.87",-694.27,6177.35
2009-11-12,-112.75,"-1,053.45",6062.65
2009-11-13,335.79,"-1,218.42",6075.95
2009-11-14,107.12,240.7,6027.3
2009-11-15,16.35,-27.5,5982.1
2009-11-16,851.8,-230.39,6101.5
2009-11-17,584.01,327.06,6066.05
2009-11-18,587.2,-386.11,6105.8
2009-11-19,481.44,-708.18,6082
2009-11-20,-9.07,-518.3,6012.65
2009-11-21,-950.08,-60.44,5987.7
2009-11-22,735.4,344.4,6017.7
2009-11-23,711.81,-71.3,6117.55
2009-11-24,460.88,-202.24,6119
2009-11-25,987.61,-370.62,6160.5
2009-11-26,"5,475.45",874.35,6281.8
2009-11-27,505.54,-471.43,6273.2
2009-11-28,474.53,-528.67,6301.55
2009-11-29,-32.52,-143.71,6275.7
2009-11-30,-60.42,-269.69,6194.25
2009-12-01,-782.27,245.68,6071.65
2009-12-02,313.68,-3.39,6121.6
2009-12-03,-196.69,449.59,5988.7
2009-12-04,-452.71,118.43,5998.8
2009-12-05,367.91,300.19,5890.3
2009-12-06,335.8,212.12,6010
2009-12-07,"-1,493.19","1,502.97",5934.75
2009-12-08,-473.31,-94.94,5865.75
2009-12-09,"-1,208.12",197.77,5799.75
2009-12-10,-628.77,959.41,5751.95
2009-12-11,156.2,199.33,5830
2009-12-12,889.46,-435.03,5862.7
2009-12-13,491.88,-199.85,5960.9
2009-12-14,386.12,-225.04,6011.7
2009-12-15,-201.62,-313.89,5992.25
2009-12-16,"-1,484.90",409.05,5903.7
2009-12-17,"-1,296.30",827.92,5766.5
2009-12-18,"-1,239.25",747.65,5857.35
2009-12-19,-287.77,334.54,5907.65
2009-12-20,33.53,349.17,5944.1
2009-12-21,-87.61,-97.8,5892.3
2009-12-22,-316.79,96.03,5948.75
2009-12-23,-109.53,139.45,5947.05
2009-12-24,-34.79,373.67,6000.65
2009-12-25,-67.57,98.93,5984.4
2009-12-26,-143.1,-88.63,5980
2009-12-27,14.82,-296.56,6011.6
2009-12-28,246.31,-113.89,5998.1
2009-12-29,109.03,-265.36,5996
2009-12-30,547.58,-170.34,6060.35
2009-12-31,"2,186.44",-848.29,6101.85
2010-01-01,531.33,-121.77,6134.5
2010-01-02,340.97,-124.01,6157.6
2010-01-03,717.76,-491.57,6146.35
2010-01-04,-240.3,-101.75,6079.8
2010-01-05,-385.63,-338.05,6048.25
2010-01-06,"-1,040.74","1,115.83",5904.6
2010-01-07,"-1,138.78","1,018.54",5762.85
2010-01-08,"-1,162.57","1,064.18",5754.1
2010-01-09,-371.5,359.21,5863.25
2010-01-10,-249.77,242.42,5751.9
2010-01-11,-748.6,290.11,5654.55
2010-01-12,-173,359.82,5654.75
2010-01-13,72.54,-26.2,5724.05
2010-01-14,-270.38,488.53,5691.05
2010-01-15,-943.91,256.32,5711.6
2010-01-16,-368,223.14,5696.5
2010-01-17,63.95,236.51,5743.25
2010-01-18,272.99,-169.68,5687.4
2010-01-19,"-1,651.41",-255.59,5604.3
2010-01-20,-706.84,81.24,5512.15
2010-01-21,-920.38,"1,008.14",5505.9
2010-01-22,"-1,036.80",630.4,5417.2
2010-01-23,-81.73,680.38,5432
2010-01-24,538.71,-45.45,5526.75
2010-01-25,144.04,237.45,5395.75
2010-01-26,144.04,237.45,5396
2010-01-27,-726.54,448.97,5312.55
2010-01-28,-609,115,5253.55
2010-01-29,-954.87,637.3,5225.8
2010-01-30,-537.71,519.67,5310
2010-01-31,147.64,109.02,5456
2010-02-01,233.05,-167.85,5481
2010-02-02,-230.06,-68.49,5481.7
2010-02-03,37.99,244.4,5546.45
2010-02-04,207.67,-189.14,5458.95
2010-02-05,-245.42,-27.61,5518.6
2010-02-06,-386.26,413.99,5469.2
2010-02-07,-554.6,352.82,5437.35
2010-02-08,"-2,702.22","1,029.92",5262.7
2010-02-09,-561.46,555.29,5303.55
2010-02-10,-39.86,317.38,5333.25
2010-02-11,229.02,95.52,5536.2
2010-02-12,585.52,-229.78,5538.75
2010-02-13,-92.24,45.57,5463.15
2010-02-14,237.07,-140.46,5520.8
2010-02-15,131.17,112.99,5531
2010-02-16,-97.19,108.98,5494.4
2010-02-17,-243.58,112.24,5445.45
2010-02-18,414.35,7.65,5531.5
2010-02-19,148.28,567.1,5449.65
2010-02-20,-134.52,326.72,5511.15
2010-02-21,"-1,128.61",432.07,5446.65
2010-02-22,-523.51,296.3,5373.7
2010-02-23,-97.02,47.98,5364.75
2010-02-24,236.29,96.04,5413.85
2010-02-25,312.1,"1,111.68",5480.25
2010-02-26,307.82,378.12,5522.4
2010-02-27,"1,446.18",-313.77,5654.25
2010-02-28,890.02,-286.52,5687.25
2010-03-01,"1,291.54",-474.17,5736.35
2010-03-02,739.61,-615.34,5787.65
2010-03-03,"3,324.59","-1,716.85",5833.75
2010-03-04,415.28,-412.63,5826.05
2010-03-05,604.51,-389.33,5908.45
2010-03-06,723.29,-528.98,5910.05
2010-03-07,528.47,-531.05,5891.75
2010-03-08,220.59,-212.16,5885.7
2010-03-09,384.85,-128.4,5842
2010-03-10,-691.22,263.81,5785.7
2010-03-11,25.6,-4.8,5911.5
2010-03-12,-253.43,-360.88,5824.55
2010-03-13,-981.56,661.47,5729.1
2010-03-14,"1,693.19",208.33,5740.75
2010-03-15,193,-23.28,5851.65
2010-03-16,307.79,-269.62,5884.7
2010-03-17,-377.59,236.62,5874.5
2010-03-18,-554.03,161.81,5868.4
2010-03-19,-711.86,299.28,5833.9
2010-03-20,-832.59,532.6,5785.45
2010-03-21,-689.89,-61.06,5749.5
2010-03-22,-261.03,-150.52,5701.3
2010-03-23,"-1,178.66",606.83,5565.25
2010-03-24,-992.14,914.1,5537.15
2010-03-25,-779.48,937.23,5459.85
2010-03-26,-655.34,"1,018.04",5551.45
2010-03-27,196.42,-125.78,5551.1
2010-03-28,25.02,130.86,5541.25
2010-03-29,125.07,89.12,5565.05
2010-03-30,-420.03,312.44,5486.15
2010-03-31,-161.35,-11.53,5544.75
2010-04-01,47.07,3.41,5499
2010-04-02,-487.2,-570.29,5438.95
2010-04-03,-379.44,27.46,5420.6
2010-04-04,-37.41,132.34,5428.1
2010-04-05,-181.55,398.19,5486.35
2010-04-06,-293.56,194.22,5386.55
2010-04-07,188.16,32.95,5394.85
2010-04-08,-370.79,179.41,5348.95
2010-04-09,124.38,233.53,5412.35
2010-04-10,222.03,388.25,5476.1
2010-04-11,253.48,-50.39,5473.1
2010-04-12,"1,310.98",-596.66,5560.15
2010-04-13,445.22,-141.96,5592
2010-04-14,-14.79,-130.6,5550.35
2010-04-15,445.26,-355.51,5516.75
2010-04-16,-201.78,184.99,5532.05
2010-04-17,112.7,31.29,5556.15
2010-04-18,50.43,85.47,5526.85
2010-04-19,-24.73,8.97,5521.05
2010-04-20,-170.05,336.98,5485.8
2010-04-21,-304.17,27.34,5482.8
2010-04-22,-798.53,610.72,5500.5
2010-04-23,-170.56,141.14,5447.5
2010-04-24,-599.52,286.1,5396.75
2010-04-25,-390.56,-35.37,5366.4
2010-04-26,-512.57,863.31,5257.9
2010-04-27,-563.36,430.41,5275.85
2010-04-28,-287.4,157.37,5278.3
2010-04-29,229.21,241.95,5320
2010-04-30,890.44,-486.85,5471.25
2010-05-01,"1,447.42",-766.38,5526.6
2010-05-02,819.41,-575.06,5545.3
2010-05-03,669.35,-240.59,5600.45
2010-05-04,"1,591.34",-773.38,5647.4
2010-05-05,599.66,-455.31,5627.2
2010-05-06,"1,131.72",-369.32,5650.5
2010-05-07,825.52,-898.49,5632.1
2010-05-08,220.45,-80.23,5625.45
2010-05-09,868.71,-161.03,5728.95
2010-05-10,868.71,-161.03,5660.65
2010-05-11,432.95,73.64,5616.1
2010-05-12,-969.44,286.77,5526.15
2010-05-13,315.95,-368.91,5585.45
2010-05-14,211.46,517.82,5599.8
2010-05-15,73.03,-39.14,5581.1
2010-05-16,-93.01,163.62,5567.05
2010-05-17,293.29,-226.92,5613.55
2010-05-18,-90.44,20.48,5567.05
2010-05-19,-577.64,408.36,5541.6
2010-05-20,444.91,243.05,5633.95
2010-05-21,315.72,224.25,5680.3
2010-05-22,-177.75,31.49,5574.85
2010-05-23,-12.93,-0.19,5546.8
2010-05-24,64.66,409.34,5487.75
2010-05-25,-464.03,411.82,5482
2010-05-26,86.83,-95.26,5516.8
2010-05-27,-201.68,139.88,5456.55
2010-05-28,-869.69,422.48,5404.8
2010-05-29,-254.55,316.5,5331.8
2010-05-30,"-1,788.96","1,372.49",5211.25
2010-05-31,"-1,385.78","1,320.38",5118.5
2010-06-01,"-2,104.56","1,412.96",5072.85
2010-06-02,-59.79,266.25,5138.3
2010-06-03,-471.09,99.02,5072.95
2010-06-04,-261.12,251.67,5035.8
2010-06-05,-407.68,169.42,5056.6
2010-06-06,-488.67,330.42,4944.15
2010-06-07,-902.61,423.25,4845.65
2010-06-08,-786.32,143.34,4898.8
2010-06-09,-100.34,302.89,4948.9
2010-06-10,-883.48,561.1,4888.9
2010-06-11,"-1,440.55",385.01,4839.6
2010-06-12,-226.25,392.9,4747.8
2010-06-13,366.19,-325.5,4919.6
2010-06-14,620.9,101.91,5001
2010-06-15,"1,158.38",-346.28,5040
2010-06-16,133.22,147.23,5017.2
2010-06-17,431.48,-415.17,5064.3
2010-06-18,262.43,-80.81,5124.65
2010-06-19,14.18,-266.61,5153.25
2010-06-20,-427.67,85.07,5059.45
2010-06-21,-934.74,427.93,4946.8
2010-06-22,-468.41,121.19,4940.95
2010-06-23,-45.82,-182.68,5012.55
2010-06-24,136.55,4.4,5075.7
2010-06-25,395.16,39.33,5084.25
2010-06-26,-166.21,-37.5,5031.95
2010-06-27,318.84,-317.69,5140.2
2010-06-28,243.45,-15.48,5133.25
2010-06-29,"-1,305.55",743.47,4923.65
2010-06-30,"-1,279.61",765.38,4867.75
2010-07-01,"-1,083.83",575.21,4835.4
2010-07-02,34.08,270.05,4971.25
2010-07-03,184.97,115.59,4945.9
2010-07-04,-230.3,-402.88,5015.45
2010-07-05,-459.47,517.34,4943.25
2010-07-06,-825.89,295.34,4849.5
2010-07-07,-971.44,555.81,4772.15
2010-07-08,"-1,008.87",322.4,4751.3
2010-07-09,491.55,19.41,4888.05
2010-07-10,211.71,-37.13,4979.6
2010-07-11,114.15,108.17,4974.35
2010-07-12,595.01,-106.55,5099.4
2010-07-13,670.08,-257.36,5077.85
2010-07-14,-94.04,-237.85,5132.3
2010-07-15,595.01,-106.55,5118.25
2010-07-16,-285.19,-132.89,5037.5
2010-07-17,-14.45,-94.46,5139.15
2010-07-18,-472,-125.27,5091.9
2010-07-19,-234.01,73.36,5049.95
2010-07-20,101.1,-158.84,5098.35
2010-07-21,444.76,-879.46,5191.6
2010-07-22,"2,166.21","-1,078.41",5360.7
2010-07-23,358.78,-276.36,5326.6
2010-07-24,-20.66,-573.41,5257.95
2010-07-25,-7.78,-7.79,5258.45
2010-07-26,15.45,1.91,5265.75
2010-07-27,128.62,70.49,5284.2
2010-07-28,456.28,-377.47,5289.35
2010-07-29,559.04,-531.86,5221.05
2010-07-30,-83.26,-113.18,5168.85
2010-07-31,321.62,-9.3,5148.35
2010-08-01,-409.77,"1,325.35",5068.5
2010-08-02,-488.89,277.79,5030.45
2010-08-03,-195.2,371.59,4934.75
2010-08-04,-871.62,380.39,4905.8
2010-08-05,-743.02,595.55,4778.35
2010-08-06,-952.68,"1,065.51",4812.35
2010-08-07,"-1,186.42",926.16,4706.45
2010-08-08,"-1,636.08","1,047.75",4756.45
2010-08-09,-805,"1,036.55",4710.05
2010-08-10,-302.59,307.3,4851.3
2010-08-11,-320.87,361.23,4805.1
2010-08-12,34.12,-193.82,4832.05
2010-08-13,687.26,-713.08,4936.85
2010-08-14,596.89,-107.53,5050.15
2010-08-15,146.73,37.67,5039.15
2010-08-16,135.36,-190.11,5062.6
2010-08-17,25.72,-197.51,4943.65
2010-08-18,-248.57,115.21,4866.7
2010-08-19,-428.3,166.29,4764.6
2010-08-20,-560.8,481.93,4800.6
2010-08-21,-140.13,449.59,4763.25
2010-08-22,-323.28,48.09,4746.35
2010-08-23,-220.25,335.3,4651.6
2010-08-24,-450.37,18.6,4613.1
2010-08-25,-526.26,186.72,4544.2
2010-08-26,-144.23,-133.26,4693.15
2010-08-27,-236.39,229.74,4733.85
2010-08-28,84.27,-78.55,4714
2010-08-29,113.43,-118.98,4779
2010-08-30,214.31,-95.29,4750.5
2010-08-31,81.44,-96.49,4705.8
2010-09-01,"-1,015.82",323.07,4646.25
2010-09-02,-178.15,266.6,4624.3
2010-09-03,-93.87,84.34,4636.75
2010-09-04,255.39,206.51,4765.3
2010-09-05,138.97,-83.41,4749.65
2010-09-06,381.42,-289.21,4749.95
2010-09-07,10.44,-198.88,4754.1
2010-09-08,-36.46,29.26,4742.8
2010-09-09,324.32,-115.11,4849.55
2010-09-10,431.31,-182.18,4860.95
2010-09-11,506.8,-996.91,4831.25
2010-09-12,293.51,-177.26,4866
2010-09-13,357.68,-229.55,4873.9
2010-09-14,"1,025.75",-429.23,4967.3
2010-09-15,875.85,-590.27,4955.8
2010-09-16,626.14,-246.59,5018.4
2010-09-17,819.84,-614.79,5048.6
2010-09-18,-58.8,-438.48,5046.25
2010-09-19,801.29,-262.65,5127.35
2010-09-20,"1,147.01",-712,5158.3
2010-09-21,"1,240.16",-708.46,5204.7
2010-09-22,-201.71,-533.69,5087.3
2010-09-23,624.1,-241.26,5199.25
2010-09-24,"1,676.49",-32.29,5235.7
2010-09-25,"1,941.23",-653.14,5269.9
2010-09-26,"1,074.21",-915.58,5325.85
2010-09-27,997.94,-183.12,5361.65
2010-09-28,618.84,-854.46,5335.15
2010-09-29,384.24,-424.46,5368.15
2010-09-30,"1,200.66","-1,037.58",5412.35
2010-10-01,196.12,-49.3,5381.6
2010-10-02,469.77,-597.31,5390.2
2010-10-03,"1,030.12",-408.64,5416.05
2010-10-04,184.31,-390.32,5521.95
2010-10-05,536.49,-223.07,5564.3
2010-10-06,"1,400.17","-1,244.15",5607.15
2010-10-07,829.63,"-1,332.90",5505.35
2010-10-08,104.55,-640.93,5483.3
2010-10-09,"8,955.30",-836.71,5429.3
2010-10-10,329.09,-699.14,5281.2
2010-10-11,727.59,-587.21,5375.5
2010-10-12,579.63,-431.07,5385.2
2010-10-13,-126.52,-9.97,5339.75
2010-10-14,578.65,-70.48,5359.35
2010-10-15,125.5,-258.33,5280.35
2010-10-16,-241.22,179.91,5222.4
2010-10-17,-504.59,-129.91,5220.45
2010-10-18,"1,284.65",-12.9,5333.55
2010-10-19,"1,298.64",203.32,5359.55
2010-10-20,872.68,-433.74,5429.5
2010-10-21,"1,659.28",-857.11,5463.9
2010-10-22,156.02,-389.17,5380.5
2010-10-23,883.58,-770.39,5317.9
2010-10-24,160.87,-295.98,5257.05
2010-10-25,111.09,-120.35,5274.85
2010-10-26,622.64,-293.7,5364.95
2010-10-27,246.56,-133.13,5228.45
2010-10-28,9.46,186.81,5278.2
2010-10-29,-135.29,-200.94,5184.25
2010-10-30,42.99,-290.05,5243.15
2010-10-31,-148.06,73.03,5194.75
2010-11-01,"-1,332.85",299.67,5178.85
2010-11-02,962.65,-167.32,5295.55
2010-11-03,245.94,-72.81,5317.9
2010-11-04,332.47,200.28,5358.5
2010-11-05,45.82,126.7,5322.9
2010-11-06,-269.43,-105.82,5234.4
2010-11-07,-328.67,-190.18,5243.6
2010-11-08,-445.77,-82.24,5226.85
2010-11-09,135.98,237.4,5276.85
2010-11-10,137.25,-479.68,5207.45
2010-11-11,-509.43,218.23,5226.2
2010-11-12,441.15,-213.21,5289.7
2010-11-13,221.63,37.88,5300
2010-11-14,-102.46,101,5332.4
2010-11-15,314.04,134.74,5290.85
2010-11-16,-407.49,451.7,5200.6
2010-11-17,-860.78,419.08,5222.65
2010-11-18,-340.84,40.7,5202
2010-11-19,-376.08,63.49,5189
2010-11-20,-376.22,142.56,5190.6
2010-11-21,479.53,-246.81,5248.15
2010-11-22,237.47,71.12,5239.15
2010-11-23,73.74,-347,5188.4
2010-11-24,427.92,-280.11,5086.85
2010-11-25,-630.81,273.77,5114.15
2010-11-26,-398.98,257.6,4999.95
2010-11-27,-376.34,162.37,4974.8
2010-11-28,317.42,-143.53,4965.7
2010-11-29,158.56,-243.29,4928.9
2010-11-30,355.1,-145.05,4907.8
2010-12-01,-184.28,-82.85,4942.8
2010-12-02,-546.85,171.83,4858.25
2010-12-03,-9.67,254.15,4870.2
2010-12-04,-248.93,148.94,4891.45
2010-12-05,-79.59,149.2,4906.05
2010-12-06,-283.34,207.6,4860.5
2010-12-07,-361.07,168.49,4835.65
2010-12-08,-105.73,130.02,4921.4
2010-12-09,-623.76,434.65,4920.4
2010-12-10,108.88,167.7,4985.65
2010-12-11,90.5,-199.4,4990.1
2010-12-12,-10.74,-182.61,4950.75
2010-12-13,-665.76,-266.38,4924.25
2010-12-14,-220.38,205.5,4841.6
2010-12-15,-637.14,446.23,4848.15
2010-12-16,-680.86,794.65,4863.3
2010-12-17,269.21,489.14,4997.1
2010-12-18,675.48,-33.74,5049.65
2010-12-19,202.01,-81.48,5068.35
2010-12-20,130.38,-214.66,5054.1
2010-12-21,-56.6,-54.21,5115.9
2010-12-22,217.68,76.87,5121.45
2010-12-23,105.08,-282.83,5054.75
2010-12-24,339,-120.67,5139.05
2010-12-25,412.41,-63.36,5064.25
2010-12-26,-93.3,-278.7,5103.85
2010-12-27,119.58,43.56,5165
2010-12-28,-174.22,-1.27,5146.05
2010-12-29,153.1,26.18,5114.65
2010-12-30,13.03,-355.05,5120.8
2010-12-31,86.09,-15.07,5141.9
2011-01-01,"-1,112.63",772.37,5149.15
2011-01-02,"3,046.76",-250.71,5278.9
2011-01-03,591.06,-447.49,5278.6
2011-01-04,589.71,-543.97,5287.95
2011-01-05,239.19,-161.77,5302.55
2011-01-06,429.22,-203.03,5327.3
2011-01-07,571.77,-223.47,5316.95
2011-01-08,252.98,-287.65,5275.15
2011-01-09,606.54,-488.33,5345.35
2011-01-10,84.42,-356.85,5306.3
2011-01-11,268.54,-537.98,5235.25
2011-01-12,281.13,-370.41,5227.25
2011-01-13,257.17,-40.59,5197.25
2011-01-14,474.95,-266.21,5192.85
2011-01-15,276.4,-165.75,5216.3
2011-01-16,125.78,-228.84,5242.7
2011-01-17,178.11,-64.4,5205.1
2011-01-18,109.17,-353.75,5117.95
2011-01-19,-252.91,39.23,5128.2
2011-01-20,-372.21,-10.47,5109.6
2011-01-21,"-1,180.70",422.7,5043
2011-01-22,563.72,-254.44,5099.85
2011-01-23,928.95,-233.72,5199.8
2011-01-24,879.96,-493.48,5229
2011-01-25,441.45,-172.97,5240.5
2011-01-26,140.13,-66.48,5227.75
2011-01-27,208.69,-434.65,5215.7
2011-01-28,555.73,-4.23,5282.55
2011-01-29,815.95,55.24,5336.7
2011-01-30,"1,114.21",-794.7,5338
2011-01-31,337.14,-754.4,5322.95
2011-02-01,83.16,-536.69,5320.4
2011-02-02,339.76,-176.34,5347.9
2011-02-03,95.01,225.3,5362.95
2011-02-04,308.22,40.19,5366.3
2011-02-05,141.37,-141.64,5421
2011-02-06,96.64,-230.14,5412.85
2011-02-07,311.79,-161.1,5415.35
2011-02-08,226.06,-356.68,5386.7
2011-02-09,200.39,-500.72,5350.25
2011-02-10,93.09,-314.39,5334.6
2011-02-11,143.3,-239.8,5287.8
2011-02-12,"2,306.10",328.11,5315.05
2011-02-13,-211.08,-172.54,5258.5
2011-02-14,-54.79,-160.7,5253.75
2011-02-15,304.41,-105.6,5274
2011-02-16,-188.65,-166.28,5225.7
2011-02-17,166.58,-33.76,5238.4
2011-02-18,502.18,218.29,5342.1
2011-02-19,692.73,-318.32,5363.45
2011-02-20,423.59,-365.8,5390
2011-02-21,451.19,-55.76,5431
2011-02-22,361.48,-156.05,5435.35
2011-02-23,"2,833.72",-688,5577.65
2011-02-24,"2,252.17",-837.72,5610
2011-02-25,"1,049.17",-670.72,5600.05
2011-02-26,-73.67,-331.11,5554.25
2011-02-27,"2,327.82","-1,127.28",5691.15
2011-02-28,"1,595.72","-1,156.45",5669.6
2011-03-01,"5,845.58","-1,374.11",5673.9
2011-03-02,688.49,-695.9,5663.45
2011-03-03,399.74,-447.87,5649.5
2011-03-04,"1,230.35",-679.06,5703.3
2011-03-05,207.51,-474.2,5718.8
2011-03-06,602.39,-668.14,5731.25
2011-03-07,944.53,-818.56,5787.6
2011-03-08,"4,351.99",-189.1,5746.95
2011-03-09,563.84,-778.61,5676
2011-03-10,613.98,-430.6,5704.6
2011-03-11,407.6,-396.36,5652.15
2011-03-12,"1,043.01",-573.32,5708.05
2011-03-13,201.16,188.29,5676.05
2011-03-14,20.16,-85.52,5687.25
2011-03-15,-204.19,595.39,5648
2011-03-16,35.54,-248.4,5660.25
2011-03-17,-68.87,-184.56,5718.7
2011-03-18,241.68,-137.89,5717.15
2011-03-19,252.4,-298.89,5691.4
2011-03-20,-551.34,34.73,5705.3
2011-03-21,-198.84,-89.93,5664.3
2011-03-22,-76.57,-9.75,5665.6
2011-03-23,-191.53,-31.84,5597.9
2011-03-24,248.48,-97.85,5619.7
2011-03-25,373.93,-344.42,5704.2
2011-03-26,728.45,-196.95,5760.1
2011-03-27,261.21,84.58,5738.75
2011-03-28,229.73,-121.32,5683.7
2011-03-29,-18.09,19.07,5666.95
2011-03-30,46.45,-381.67,5631
2011-03-31,509.71,-374.72,5574.05
2011-04-01,-1.52,-502.6,5571.4
2011-04-02,143.38,-11.53,5571.55
2011-04-03,182.59,-133.08,5614.8
2011-04-04,114.76,-164,5627.75
2011-04-05,366.37,-184.27,5626.6
2011-04-06,163.14,-195.66,5635.9
2011-04-07,"1,579.97",-896.22,5825
2011-04-08,"1,611.43",-798.63,5879.85
2011-04-09,303.34,-335.94,5870.95
2011-04-10,539.95,-434.1,5889.25
2011-04-11,878.57,-639.78,5900.5
2011-04-12,838.14,-662.74,5930.9
2011-04-13,648.05,-798.48,5907.4
2011-04-14,698.23,-586.58,5908.9
2011-04-15,"1,309.88","-1,028.34",5898.8
2011-04-16,952.75,-365.07,5888
2011-04-17,"1,256.57",-665.67,5851.5
2011-04-18,574.38,-512.43,5879.6
2011-04-19,886.68,-690.33,5857.9
2011-04-20,922.37,-491.12,5896.8
2011-04-21,"1,244.96",-369.06,5929.6
2011-04-22,466.75,-444.02,5916.4
2011-04-23,115.35,258.21,5847.7
2011-04-24,459.67,-238.26,5855.75
2011-04-25,743.79,-300.85,5905.6
2011-04-26,-132.68,132.77,5870.1
2011-04-27,833.4,-530.35,5908.35
2011-04-28,826.34,-200.97,5905.1
2011-04-29,665.05,-406.14,5950.85
2011-04-30,"1,107.66",-417.41,5993.25
2011-05-01,"1,397.37",-905.96,6009.5
2011-05-02,"1,164.41",-825.4,6016.15
2011-05-03,887.38,"-1,028.12",6001.7
2011-05-04,848.95,-518.3,5971.5
2011-05-05,825.17,-516.07,5951.3
2011-05-06,611.1,"-1,210.55",6024.05
2011-05-07,"1,077.55",-755.84,6056.6
2011-05-08,"1,029.50",-691.76,6001.85
2011-05-09,564.2,-519.78,6039.2
2011-05-10,"1,165.69",-967.61,6064.4
2011-05-11,842.96,-890.17,6082.3
2011-05-12,"1,046.40",-855.35,6048.5
2011-05-13,802.62,-852.33,6054.3
2011-05-14,"1,026.32",-752.26,6019.35
2011-05-15,586.87,-331.92,6074.65
2011-05-16,783.56,-864.22,6074.8
2011-05-17,899.83,-938.71,6049.9
2011-05-18,906.36,"-1,095.82",6055.75
2011-05-19,958.93,-863.6,6034.75
2011-05-20,763.28,"-1,088.62",5998.9
2011-05-21,856.94,-592.33,5987.25
2011-05-22,489.27,-938.92,5956.9
2011-05-23,"1,137.96","-1,224.07",5959.2
2011-05-24,827.14,-989.73,5938.8
2011-05-25,"1,490.82",-709.36,5903.5
2011-05-26,995.83,-940.9,5897.85
2011-05-27,604.16,-412.15,5922.5
2011-05-28,800.31,-289.69,5932.95
2011-05-29,321.26,-248.99,5896.95
2011-05-30,247.3,-245.98,5887.4
2011-05-31,142.91,-110.55,5898.2
2011-06-01,-181.57,24.67,5939.7
2011-06-02,433.59,-591.18,5943.05
2011-06-03,"1,213.57",-228.78,5852.25
2011-06-04,280.3,-351.98,5850.3
2011-06-05,246.71,-161.97,5854.75
2011-06-06,74.68,-160.61,5761.35
2011-06-07,106.36,24.7,5796.9
2011-06-08,"-1,317.79",417.94,5693.05
2011-06-09,626.89,-45.85,5719.7
2011-06-10,-30.1,-111.08,5698.5
2011-06-11,220.79,-244.8,5784.25
2011-06-12,524.05,-599.99,5818.6
2011-06-13,630.47,-715.11,5863.3
2011-06-14,"1,283.58",-836.58,5945.7
2011-06-15,988.22,-786.58,5942.35
2011-06-16,733.25,-877.38,5914.1
2011-06-17,303.83,-434.38,5851.2
2011-06-18,607.11,-829.19,5908.95
2011-06-19,"1,018.93",-584.48,5872.6
2011-06-20,506,-459.89,5835.25
2011-06-21,62.63,71.38,5745.95
2011-06-22,-236.72,-356.93,5694.4
2011-06-23,368.31,-30.08,5658.75
2011-06-24,-14.2,-135.57,5651.35
2011-06-25,717.89,-425.61,5633.85
2011-06-26,538.27,-124.21,5641.6
2011-06-27,573.87,-346.12,5682.55
2011-06-28,313.07,-269.16,5704.4
2011-06-29,-45.41,205.8,5748.1
2011-06-30,-368.39,37.73,5672.9
2011-07-01,-326.21,64.73,5574.75
2011-07-02,-203.19,21.47,5553.25
2011-07-03,-163.95,212.72,5542.95
2011-07-04,-664.9,987.81,5495.1
2011-07-05,40.22,197.29,5558.7
2011-07-06,36.63,57.71,5594
2011-07-07,-28.59,-311.92,5528.55
2011-07-08,591.75,-204.89,5688.95
2011-07-09,206.68,-260.93,5688.7
2011-07-10,940.07,-405.22,5783.1
2011-07-11,915.82,-442.54,5834.4
2011-07-12,226.21,-528.29,5836.9
2011-07-13,"1,449.70","-1,269.43",5916.3
2011-07-14,224.75,-377.78,5871.45
2011-07-15,620.38,-366.2,5904.1
2011-07-16,876.93,-347.17,5930.2
2011-07-17,"1,429.94",-899.07,5999.35
2011-07-18,953.95,-792.78,5944
2011-07-19,897.46,-540.83,5971.05
2011-07-20,655.21,-729.17,6043.55
2011-07-21,976.99,-669.08,6069.3
2011-07-22,662.88,-476.69,6050.15
2011-07-23,544.11,-502.32,6094.75
2011-07-24,244.09,-454.82,5980.45
2011-07-25,420.99,-412.66,5995.4
2011-07-26,"1,646.95",-747.11,6146.75
2011-07-27,"1,070.32",-390.42,6169.9
2011-07-28,867.93,-716.69,6187.3
2011-07-29,753.37,-764.32,6156.9
2011-07-30,679.44,-866.7,6114.1
2011-07-31,540.19,-973.15,6094.5
2011-08-01,316.23,-538.75,5967.05
2011-08-02,-238.56,-132.79,5983.55
2011-08-03,406.03,-516.39,6083.15
2011-08-04,711.12,-507.82,6111.25
2011-08-05,643.81,-308.12,6104.3
2011-08-06,787.47,-315.86,6124.05
2011-08-07,-504.02,203.11,5985.95
2011-08-08,-86.67,-71.81,5939.3
2011-08-09,84.79,-216.45,5919.45
2011-08-10,88.49,-99.75,5923.85
2011-08-11,-270.47,298.08,5921.4
2011-08-12,157.9,172.7,5881
2011-08-13,-114,-69.75,5878
2011-08-14,-885.85,313.42,5788.8
2011-08-15,"-1,060.17",717.89,5760.2
2011-08-16,-558.06,713.77,5699.1
2011-08-17,-305.68,910.62,5808.4
2011-08-18,-165.1,361.53,5850.05
2011-08-19,-597.38,582.65,5813.6
2011-08-20,-544.96,415.82,5822.25
2011-08-21,"-2,094.06","1,332.50",5655.9
2011-08-22,"-1,768.60","1,196.65",5667.65
2011-08-23,"-1,552.98",931.11,5590.25
2011-08-24,"-1,285.86",824.36,5609.1
2011-08-25,-547.79,336.98,5588.7
2011-08-26,"-1,043.27",358.38,5682.35
2011-08-27,"1,124.31",-581.28,5842.2
2011-08-28,-1.47,213.6,5898.85
2011-08-29,-43.2,-125.33,5857.55
2011-08-30,-705.06,252.88,5770.9
2011-08-31,164.56,-76.21,5836.95
2011-09-01,-15.71,105.27,5867.9
2011-09-02,-204.46,-59.11,5811.55
2011-09-03,165.6,37.83,5859
2011-09-04,75.46,28.78,5816.7
2011-09-05,638.26,-234.61,5935.1
2011-09-06,644.82,-144.97,6009
2011-09-07,-227.25,454.28,6030.8
2011-09-08,-357.4,-210.55,5955.25
2011-09-09,-26.09,-73.86,5973.3
2011-09-10,-178.29,-239.41,6038.05
2011-09-11,252.26,-229.1,6029.2
2011-09-12,-406.02,299.85,6031.8
2011-09-13,211.36,60.86,6077.8
2011-09-14,-404.5,-328.8,5990.5
2011-09-15,-442.94,-138.8,5907.5
2011-09-16,278.04,-489.17,5886.2
2011-09-17,-231.77,-101.26,5831.65
2011-09-18,256.45,-415,5755.05
2011-09-19,142.87,-128.02,5742
2011-09-20,177.78,-293.62,5727.85
2011-09-21,283.79,-340.6,5677.9
2011-09-22,33.35,-303.13,5685.4
2011-09-23,212.74,-323.74,5542.25
2011-09-24,-350.92,261.73,5519.1
2011-09-25,-395.78,516.15,5565.65
2011-09-26,408.36,258.81,5612.4
2011-09-27,227.08,115.29,5699.3
2011-09-28,247.96,249.28,5742.3
2011-09-29,-563.23,732.23,5507.85
2011-09-30,-680.08,372.65,5414.75
2011-10-01,"-1,424.32","1,066.15",5401.45
2011-10-02,-792.11,775.45,5302.55
2011-10-03,"-1,277.64",389.66,5408.45
2011-10-04,-148.57,755.87,5471.75
2011-10-05,-607.43,409.99,5476.5
2011-10-06,"-1,373.99",480.5,5287.45
2011-10-07,"-1,120.43",506.78,5285
2011-10-08,-248.18,-75.8,5409.05
2011-10-09,-78.85,731.07,5471.8
2011-10-10,475.92,-285.81,5550.75
2011-10-11,-716.16,596.43,5341.45
2011-10-12,172.53,-222.36,5448.1
2011-10-13,"1,101.41",-492.82,5592.95
2011-10-14,800.71,-238.53,5680.4
2011-10-15,"2,563.60","-1,398.05",5896.75
2011-10-16,586.5,-386.12,5913.15
2011-10-17,930.54,-395.49,5850.7
2011-10-18,-98,-152.09,5850.6
2011-10-19,282.87,-425.17,5840.55
2011-10-20,318.05,-501.19,5850.2
2011-10-21,580.13,-508.41,5899.45
2011-10-22,"3,543.84","-1,829.72",6115.55
2011-10-23,945.76,-790.22,6012.1
2011-10-24,-80.57,-745.88,5889.75
2011-10-25,-21.09,-493.74,5892.45
2011-10-26,382.45,-473.28,5873.85
2011-10-27,172.15,-362.11,5882.25
2011-10-28,-244.95,-115.27,5833.2
2011-10-29,-519.64,89.76,5735.3
2011-10-30,-106.96,125.35,5780.05
2011-10-31,997.21,-493,5909.7
2011-11-01,541.36,-302.07,5907.3
2011-11-02,494.13,-267.46,5906.15
2011-11-03,226.32,-454.35,5928.4
2011-11-04,326.58,-97.1,6007.45
2011-11-05,614.27,-460.47,6020.95
2011-11-06,"1,010.45",-544.19,6096.2
2011-11-07,730.29,-641.2,6112.7
2011-11-08,"1,136.23","-1,035.34",6089.05
2011-11-09,"1,109.93","-1,149.22",6045.85
2011-11-10,"1,752.98",-562.23,6189.35
2011-11-11,"1,031.79",-724.1,6204.95
2011-11-12,794.9,-845.3,6202.8
2011-11-13,644.8,-545.57,6178.35
2011-11-14,991.83,-735.4,6164.35
2011-11-15,626.99,-497.95,6144.9
2011-11-16,636.78,-902.68,6101.1
2011-11-17,"1,103.04",-894.04,6220.9
2011-11-18,"1,016.77",-550.6,6251.7
2011-11-19,"1,875.87",-833.79,6299.15
2011-11-20,186.95,-422.7,6307.2
2011-11-21,3.98,-0.28,6317.35
2011-11-22,162.53,-683.96,6253.15
2011-11-23,271.7,-545.2,6215.15
2011-11-24,479.24,-715.07,6187.25
2011-11-25,412.03,-915.63,6140.75
2011-11-26,333.5,-782.53,6078.8
2011-11-27,347.58,-870.4,6018.05
2011-11-28,299.7,-253.01,5989.6
2011-11-29,970.03,-410.81,6056.15
2011-11-30,"1,158.57",-655.4,6189
2011-12-01,"1,014.61",-726.55,6203.35
2011-12-02,80.4,-283.81,6122.9
2011-12-03,-59.8,-650.66,5999.05
2011-12-04,-2.83,-252.45,5995.45
2011-12-05,837.8,-792.43,6115.35
2011-12-06,-339.16,-356.9,6059.1
2011-12-07,-48.53,-58.13,6057.1
2011-12-08,102.91,330.51,6091.85
2011-12-09,745.16,-101.76,6176.1
2011-12-10,790.97,-618.2,6217.85
2011-12-11,516.59,-671.26,6201.85
2011-12-12,52.11,-18.05,6160.95
2011-12-13,"1,151.51",-674.02,6241.1
2011-12-14,863.77,-743.93,6259.9
2011-12-15,"2,473.17","-1,205.81",6363.9
2011-12-16,395.68,-628.16,6332.85
2011-12-17,962.71,-841.95,6307.9
2011-12-18,187.81,-354.85,6237.05
2011-12-19,-432.02,-45.07,6168.4
2011-12-20,159.55,-129.5,6154.7
2011-12-21,249.93,-96.83,6139.05
2011-12-22,"1,198.60",-413.01,6217.15
2011-12-23,"2,264.11",-41.59,6166.65
2011-12-24,990.19,-247.95,6274.25
2011-12-25,135.42,38.35,6284.5
2011-12-26,40.67,-43.9,6268.4
2011-12-27,743.7,-203.44,6278.9
2011-12-28,295.76,-159.85,6313.8
2011-12-29,116.06,-207.15,6291.1
2011-12-30,309.7,-279.89,6304
2011-12-31,10.16,-222.12,6301.65
2012-01-01,674.05,-189.75,6221.15
2012-01-02,-18.06,-280.77,6211.15
2012-01-03,-318.91,-22.54,6191.45
2012-01-04,-567.02,59.44,6162.25
2012-01-05,79.68,-88.15,6174.6
2012-01-06,-3.74,-118.45,6168.35
2012-01-07,68.16,81.73,6171.45
2012-01-08,413.85,-317.52,6272.75
2012-01-09,-260.88,-97.93,6241.85
2012-01-10,713.29,-690.02,6320.9
2012-01-11,479.28,-791.75,6318.9
2012-01-12,75.27,141.65,6261.65
2012-01-13,384.89,-310.47,6303.95
2012-01-14,-43.74,181.5,6313.8
2012-01-15,279.45,-90.57,6338.95
2012-01-16,433.6,-393.68,6345.65
2012-01-17,-230.96,-78.05,6266.75
2012-01-18,"-1,334.21",151.02,6135.85
2012-01-19,"-1,267.35","1,178.81",6126.25
2012-01-20,250.48,-16.87,6120.25
2012-01-21,-430.2,132.01,6073.7
2012-01-22,-652.97,327.01,6089.5
2012-01-23,-652.97,327.01,6001.8
2012-01-24,"-1,234.02",864.55,6000.9
2012-01-25,-576.2,815.23,6022.4
2012-01-26,10.75,610.8,6036.3
2012-01-27,10.75,610.8,6063.2
2012-01-28,-455.18,294.79,6053.45
2012-01-29,-165.4,242.37,6062.7
2012-01-30,211.99,-261.96,6084
2012-01-31,399.4,-292.4,6001.1
2012-02-01,-15.86,-45,6048.35
2012-02-02,522.82,-245.17,6073.3
2012-02-03,292.23,-154.83,6127.1
2012-02-04,468.47,-338.74,6152.75
2012-02-05,206.46,-600.71,6091.45
2012-02-06,603.41,-381.55,6155.45
2012-02-07,266.87,-248.49,6186.1
2012-02-08,423.41,-289.12,6200.05
2012-02-09,511.15,-251.91,6238.8
2012-02-10,591.82,12.02,6276.95
2012-02-11,198.53,"1,566.31",6221.45
2012-02-12,185.61,-344.5,6297.95
2012-02-13,737.29,-201.85,6328.65
2012-02-14,"1,272.93",-567.1,6401.15
2012-02-15,"2,577.44",-669.58,6526.65
2012-02-16,"1,253.65","-1,044.82",6537.25
2012-02-17,"1,471.23","-1,331.73",6511.9
2012-02-18,864.35,-821.97,6516.9
2012-02-19,616.62,-314.4,6493.1
2012-02-20,982.19,-866.42,6504.2
2012-02-21,"1,011.95",-201.97,6516.65
2012-02-22,"1,069.74",-610.96,6524.05
2012-02-23,722.02,-563.29,6483.1
2012-02-24,"4,222.10","-4,076.60",6493.2
2012-02-25,"1,465.62",-770.39,6583.5
2012-02-26,"1,223.00",-544,6589.75
2012-02-27,"1,004.52",-356.11,6601.4
2012-02-28,"2,191.93",-591.83,6641.75
2012-02-29,"1,362.87",-208.34,6695.9
2012-03-01,942.86,-611.22,6704.2
2012-03-02,385.66,-247.88,6721.05
2012-03-03,594.67,-471.78,6752.55
2012-03-04,717.39,-716.57,6736.1
2012-03-05,232.46,"-1,125.06",6694.35
2012-03-06,703.71,"-1,081.36",6695.05
2012-03-07,"1,043.86",-463.78,6796.2
2012-03-08,342.75,13.45,6796.4
2012-03-09,-362.29,364.92,6776.3
2012-03-10,-21.63,-278.27,6733.1
2012-03-11,-44.69,-347.7,6675.3
2012-03-12,433.4,-122.75,6779.4
2012-03-13,212.85,-217.66,6817.65
2012-03-14,162.93,-298.46,6815.35
2012-03-15,767.61,-533.88,6840.8
2012-03-16,295.01,-417.3,6782.75
2012-03-17,77.02,-370.53,6761.25
2012-03-18,287.98,-550.89,6715.25
2012-03-19,454.48,6.46,6696.4
2012-03-20,386.95,-405.65,6694.8
2012-03-21,279.86,0,6699.35
2012-03-22,45.93,-55.73,6715.3
2012-03-23,119.11,-258.88,6652.55
2012-03-24,363.24,-119.9,6659.85
2012-03-25,"1,268.78",-75.3,6858.8
2012-03-26,"1,217.95",92.56,7014.25
2012-03-27,"2,026.23",-649.42,7108.75
2012-03-28,"1,520.08",-410.01,7108.75
2012-03-29,934.94,-385.4,7123.15
2012-03-30,"3,634.82",-349.32,7203
2012-03-31,"1,350.04",-348.48,7263.55
2012-04-01,-104.53,-656.83,7275.5
2012-04-02,-266.22,-439.03,7252.9
2012-04-03,-294.99,203.07,7276.4
2012-04-04,416.8,-135.5,7367.1
2012-04-05,-84.13,-208.39,7359.05
2012-04-06,-202.61,-95.63,7318
2012-04-07,-286.54,-33.4,7329.65
2012-04-08,-522.9,195.2,7235.65
2012-04-09,234.49,-148.81,7362.5
2012-04-10,575.09,99.81,7415.85
2012-04-11,"1,368.97",-425.79,7474.1
2012-04-12,"1,283.04",-315.15,7583.4
2012-04-13,536.68,-490.03,7654.6
2012-04-14,682.26,"-1,215.47",7656.4
2012-04-15,-313.4,-407.76,7626.85
2012-04-16,652.35,-742.21,7649.9
2012-04-17,"1,099.92",358.71,7542.1
2012-04-18,-194.1,-448.3,7533.55
2012-04-19,48.02,-236.79,7631.7
2012-04-20,366.18,318.15,7558.2
2012-04-21,-420.51,-117.81,7540.7
2012-04-22,-220.65,73.85,7511.45
2012-04-23,-214.49,117.43,7493.35
2012-04-24,284.61,-216.17,7580.2
2012-04-25,694.63,-433.63,7569.25
2012-04-26,-601.89,170.92,7493.2
2012-04-27,182.55,-172.4,7508.8
2012-04-28,"1,288.16",-181.23,7611.35
2012-04-29,856.35,-774.66,7634.7
2012-04-30,"1,290.68",-407.71,7725.15
2012-05-01,950.82,-624.21,7714.8
2012-05-02,943.19,-853.1,7751.6
2012-05-03,198.57,-85.22,7787.15
2012-05-04,422.72,-399.56,7623.2
2012-05-05,645.19,-265.19,7585
2012-05-06,161.55,4.89,7567.75
2012-05-07,-723.48,-44.93,7459.6
2012-05-08,-558.25,331.52,7454.15
2012-05-09,-3.4,471.78,7526.65
2012-05-10,621.68,-48.48,7624.4
2012-05-11,"1,912.42","-1,316.02",7640.45
2012-05-12,574.47,-283.17,7663.9
2012-05-13,161.17,-181.16,7684.2
2012-05-14,412.03,59.23,7767.85
2012-05-15,652.4,-292.09,7795.75
2012-05-16,282.44,-290.35,7830.6
2012-05-17,125.51,-210.02,7790.45
2012-05-18,75.04,55.91,7748.7
2012-05-19,-381.66,515.65,7791.4
2012-05-20,"-1,654.86","1,420.36",7721.3
2012-05-21,"-1,072.96","1,074.70",7602.6
2012-05-22,372.56,-250.8,7683.65
2012-05-23,52.85,62.22,7746.55
2012-05-24,283.87,32.59,7672.05
2012-05-25,-73.07,228.99,7649.25
2012-05-26,-503.74,456.02,7568.55
2012-05-27,-162.92,234.41,7625.95
2012-05-28,370.83,-39.78,7727.05
2012-05-29,718.27,22.03,7739.55
2012-05-30,625.18,135.75,7791.7
2012-05-31,473.42,490.04,7874.25
2012-06-01,559.39,-263.37,7897.5
2012-06-02,251.36,-481.37,7875.3
2012-06-03,412.77,63.74,7891.1
2012-06-04,302.06,-183.64,7913.2
2012-06-05,127.33,45.71,7906.3
2012-06-06,364.72,-259.18,7904.75
2012-06-07,290.18,236.99,7936.05
2012-06-08,-710.63,730.43,7954.35
2012-06-09,554.14,-561.69,8027.7
2012-06-10,672.81,-167.85,8083.05
2012-06-11,"1,288.57",-469.69,8114.6
2012-06-12,"1,697.74",-555.23,8095.95
2012-06-13,310.51,-354.81,8086.85
2012-06-14,"1,162.98",-508.37,8173.9
2012-06-15,479.4,-752.09,8152.95
2012-06-16,-9.91,-511.25,8094.1
2012-06-17,433.55,-530.71,8085.7
2012-06-18,182.8,-208.44,8105.5
2012-06-19,-74.59,-74.49,8042
2012-06-20,-828.95,465.61,7932.9
2012-06-21,136.08,-161.19,7975.5
2012-06-22,-9.57,84.45,8114.75
2012-06-23,-6.53,237.15,8121.45
2012-06-24,-186.41,31.49,8146.3
2012-06-25,"-1,185.17",325.7,8017.55
2012-06-26,-793.65,-15.29,8002.4
2012-06-27,-851.24,818.62,7911.85
2012-06-28,"-1,133.64","1,335.33",7968.85
2012-06-29,150.1,234.52,7958.9
2012-06-30,-485.93,201.24,7964.8
2012-07-01,-63.24,155.69,7945.55
2012-07-02,-332.84,327.65,7852.4
2012-07-03,"-1,440.99",663.09,7842.7
2012-07-04,-20.89,623.64,7960.55
2012-07-05,-719.77,558.21,7859.95
2012-07-06,-671.06,566.83,7884.25
2012-07-07,-694.67,495.52,7864
2012-07-08,"-1,128.37",664.45,7748.2
2012-07-09,"-1,430.03",737.31,7779.7
2012-07-10,"1,040.08",-166.11,7879.4
2012-07-11,32.4,68.94,7927.75
2012-07-12,7.54,375.55,7995.9
2012-07-13,49.14,9.55,7991.7
2012-07-14,-108,-99.66,8027.6
2012-07-15,785.61,-507.29,8090.45
2012-07-16,"1,257.49",-94.01,8169.2
2012-07-17,"1,754.73",-276.49,8322.2
2012-07-18,"1,413.34","-1,183.08",8324.15
2012-07-19,"1,030.85","-1,204.63",8338.3
2012-07-20,"2,537.13",-192.2,8337
2012-07-21,355.3,-314.93,8344.25
2012-07-22,458.04,-516.98,8362.65
2012-07-23,459.47,-559.44,8383.3
2012-07-24,690.61,-738.24,8357.85
2012-07-25,645.9,-517.51,8389.9
2012-07-26,656.37,-247.86,8430.75
2012-07-27,-101.98,-232.42,8425.9
2012-07-28,71.8,-491.26,8382.3
2012-07-29,-477.15,101.62,8401.9
2012-07-30,122.5,137.59,8477.35
2012-07-31,407.42,-162.78,8530.15
2012-08-01,"1,168.94",-732.12,8463.1
2012-08-02,181.46,-314.64,8475.75
2012-08-03,389.73,336.85,8588.25
2012-08-04,935.86,-439.31,8555.9
2012-08-05,-12.36,-555.17,8524.7
2012-08-06,106.82,-40.42,8537.65
2012-08-07,391.07,-157.23,8564.4
2012-08-08,474,-585.98,8538.3
2012-08-09,-109.45,166.05,8438.25
2012-08-10,"4,984.60","1,030.65",8340.7
2012-08-11,-221.52,-345.38,8355.65
2012-08-12,-808.27,431.93,8292.9
2012-08-13,-864.96,323.41,8224.1
2012-08-14,-455.72,136.02,8219.6
2012-08-15,"-1,247.24",534.6,8067.6
2012-08-16,"-1,636.36","1,423.83",8029.8
2012-08-17,-874.89,648.17,8159.3
2012-08-18,-668.85,622.77,8225.2
2012-08-19,-335.24,389.12,8324
2012-08-20,-444.93,516.34,8267
2012-08-21,"-2,808.27",509.09,8174.1
2012-08-22,39.97,417.29,8200.7
2012-08-23,-204.22,360.38,8246.3
2012-08-24,277.92,160.87,8248.25
2012-08-25,481.08,-30.55,8282.7
2012-08-26,18.2,19.56,8284
2012-08-27,259.82,69.78,8395.45
2012-08-28,472,-575.74,8378.4
2012-08-29,"-1,570.76","1,189.65",8127.35
2012-08-30,"-1,073.18",601.4,8102.1
2012-08-31,-466.78,288.88,8234.6
2012-09-01,-297.99,299.53,8284.5
2012-09-02,244.95,-331.18,8323
2012-09-03,235.09,46.06,8299.4
2012-09-04,-69.74,-223.98,8277.55
2012-09-05,"1,738.24",-527.27,8494.15
2012-09-06,"1,099.93",-716.91,8513.8
2012-09-07,433.72,-237.71,8550.7
2012-09-08,"1,275.59",-761.6,8695.6
2012-09-09,592.79,-578.53,8729.5
2012-09-10,"2,019.98","-1,299.96",8761.4
2012-09-11,953.51,-783.34,8835.6
2012-09-12,"1,723.17","-1,292.70",8910.5
2012-09-13,"1,723.77","-1,680.09",8914.3
2012-09-14,-771.55,-37.6,8952.35
2012-09-15,-629.97,-224.07,8808.9
2012-09-16,-264.35,-137.31,8797.4
2012-09-17,-83.8,-72.35,8756.55
2012-09-18,-27.43,325.61,8723.7
2012-09-19,-96.45,115.49,8711.7
2012-09-20,-660.3,469.55,8661.05
2012-09-21,"-1,261.19",851.32,8526.35
2012-09-22,-371.27,147.49,8565.55
2012-09-23,-406.28,705.53,8627.4
2012-09-24,390.26,95.82,8711.55
2012-09-25,-182.8,280.77,8805.5
2012-09-26,"2,187.96",327.87,8809.35
2012-09-27,"1,542.70",-195.74,8869.1
2012-09-28,-89.41,204.85,8895.3
2012-09-29,601.91,-163.79,8833.6
2012-09-30,697.28,-146.98,8754.95
2012-10-01,516.06,19.7,8762.1
2012-10-02,"2,312.15",340.79,8767.25
2012-10-03,"1,957.10",-491.93,8683.85
2012-10-04,614.03,-740.74,8844.6
2012-10-05,424.79,180.35,8901.85
2012-10-06,772.92,-303.88,8956.75
2012-10-07,"2,786.24",16.89,8996.25
2012-10-08,79.84,-193.54,8922.65
2012-10-09,838.3,-35.31,8937.75
2012-10-10,-748.13,290.48,8756.75
2012-10-11,-444.65,-338.96,8712.05
2012-10-12,733.09,-381.94,8699.95
2012-10-13,66.98,-71.55,8776
2012-10-14,-762.55,158.65,8647.75
2012-10-15,265.52,-243.69,8633.15
2012-10-16,-457.43,-882.99,8723.3
2012-10-17,"1,428.72",53.46,8685.9
2012-10-18,354.59,-219.2,8634.65
2012-10-19,417.41,403.91,8570.9
2012-10-20,737.86,-631.67,8550.9
2012-10-21,813.19,96.52,8542.95
2012-10-22,-521.23,687.09,8530.8
2012-10-23,-320.52,674.76,8342.15
2012-10-24,-240.34,651.67,8341.4
2012-10-25,356.07,283.71,8492.3
2012-10-26,209.87,197.25,8491
2012-10-27,936.81,-170.03,8586.25
2012-10-28,143.98,-326.06,8659.9
2012-10-29,-479.18,382.54,8660.3
2012-10-30,193.81,492.79,8714.4
2012-10-31,362.79,-135.18,8778.3
2012-11-01,417.01,46.42,8780.35
2012-11-02,108,-60.18,8834
2012-11-03,-214.36,432.27,8750.2
2012-11-04,-675.71,72.52,8706.7
2012-11-05,"-1,506.86",962.5,8606
2012-11-06,"17,488.73","1,364.83",8448.1
2012-11-07,-910.15,217.98,8377.75
2012-11-08,-276.83,559.6,8429.7
2012-11-09,-775.46,896.33,8398.3
2012-11-10,"-1,749.33","1,667.54",8305.25
2012-11-11,"-1,532.84","1,537.08",8213.8
2012-11-12,-718.31,912.46,8285.6
2012-11-13,"-3,157.61","2,460.80",8239.75
2012-11-14,60.53,146.8,8181.5
2012-11-15,-756.52,979.19,8331.95
2012-11-16,"-1,699.60","1,454.97",8324.8
2012-11-17,"-1,360.69","1,158.02",8097
2012-11-18,-437.56,"1,114.38",8057.3
2012-11-19,169.97,328.57,8191.5
2012-11-20,"-1,329.43","1,331.93",8325.25
2012-11-21,-71.2,254,8126.95
2012-11-22,-73.76,302.57,8235.45
2012-11-23,-38.31,563.6,8224.2
2012-11-24,-202.12,618.54,8262.35
2012-11-25,48.06,451.02,8373.65
2012-11-26,123.49,103.58,8365.65
2012-11-27,-186.26,404.01,8423.25
2012-11-28,211.42,237.62,8421
2012-11-29,74.14,0.17,8458.95
2012-11-30,114.81,123.85,8370.25
2012-12-01,-934.98,594.03,8339.35
2012-12-02,-792.54,683.29,8334.6
2012-12-03,"2,284.30","-2,267.88",8319
2012-12-04,113.47,49.34,8433.65
2012-12-05,-594.14,271.64,8433.4
2012-12-06,-727.61,412.66,8236.45
2012-12-07,511.9,772.04,8135.1
2012-12-08,-550.29,879.5,8130.65
2012-12-09,-749.12,529.82,8114.7
2012-12-10,-645.02,692.29,8044.15
2012-12-11,-482.11,788.06,8022.4
2012-12-12,-622.89,589.29,8124.45
2012-12-13,-670.96,705.58,7965.35
2012-12-14,-604.86,650.47,7982.9
2012-12-15,-521.65,644.81,8013.9
2012-12-16,-940.91,"1,447.07",8047.3
2012-12-17,-784.73,"1,110.01",8091.55
2012-12-18,-106.12,447.55,8174.6
2012-12-19,651.31,-94.03,8224.95
2012-12-20,-374.97,404.2,8353.1
2012-12-21,92.57,13.52,8381.55
2012-12-22,280.21,-8.45,8360.85
2012-12-23,-203.74,234.21,8398
2012-12-24,-711.88,906.38,8381.1
2012-12-25,-551.38,580.59,8318.4
2012-12-26,75.03,52.12,8368.5
2012-12-27,575.32,-219.02,8453.05
2012-12-28,356.29,-220.61,8444.9
2012-12-29,149.37,-409.66,8484.9
2012-12-30,23.54,-94.71,8522.15
2012-12-31,-354.32,-346.71,8510.8
2013-01-01,-254.1,79.08,8363.05
2013-01-02,-465.27,590.49,8328.55
2013-01-03,527.98,-171.55,8360.55
2013-01-04,269.9,-130.9,8459.65
2013-01-05,407.69,-50.38,8454.1
2013-01-06,745.81,-98.51,8523.8
2013-01-07,605.56,-175.15,8608.05
2013-01-08,714.4,-848.76,8609.85
2013-01-09,-226.88,146.32,8603.45
2013-01-10,450.32,-351.77,8529.45
2013-01-11,185.42,-276.69,8633.5
2013-01-12,6.62,196.38,8589.8
2013-01-13,-859.94,238.66,8521.55
2013-01-14,-186.24,642.69,8361
2013-01-15,-170.68,499.65,8337
2013-01-16,-277.77,"1,021.34",8375.05
2013-01-17,350.41,-33.36,8421.8
2013-01-18,118.7,-112.55,8532.85
2013-01-19,108.93,-111.78,8543.05
2013-01-20,-93.74,34.08,8516.9
2013-01-21,-14.43,-50.05,8567.95
2013-01-22,-736.81,130.74,8588.65
2013-01-23,"-1,855.02","1,223.80",8564.6
2013-01-24,-625.9,545.86,8525.6
2013-01-25,403.76,179.2,8462.35
2013-01-26,142.34,183.72,8349.45
2013-01-27,-255.42,127.5,8355.85
2013-01-28,-423.72,383.32,8518.55
2013-01-29,"-1,007.26",567.87,8477.3
2013-01-30,"-2,340.60","1,524.10",8466.55
2013-01-31,"-5,275.40","4,097.83",8495.15
2013-02-01,"-2,080.01","1,963.09",8372.75
2013-02-02,"-2,345.77","1,881.08",8299.95
2013-02-03,"-3,347.35","2,577.06",7809
2013-02-04,56.41,847.43,7880.7
2013-02-05,-551.19,478.59,7791.85
2013-02-06,-675.32,681.93,7948.95
2013-02-07,"-1,573.42",880.27,8001.95
2013-02-08,-394.31,840.35,7971.3
2013-02-09,"-1,287.12","1,128.70",7785.85
2013-02-10,-826.92,504.11,7717
2013-02-11,-659.67,447.41,7823
2013-02-12,-452.13,"1,194.58",7655.05
2013-02-13,-121.19,66.6,7558.8
2013-02-14,-754.27,411.43,7688.25
2013-02-15,58.75,183.9,7818.6
2013-02-16,-910.85,480.5,7788.1
2013-02-17,-337.27,423.81,7789.3
2013-02-18,643.51,415.09,7872.25
2013-02-19,154.87,104.08,7829.1
2013-02-20,"-1,052.24",378.26,7899.15
2013-02-21,"-1,330.12",891.36,7981.9
2013-02-22,-115.1,50.67,7977.1
2013-02-23,-650.01,505.59,7812
2013-02-24,"-1,112.59",876.2,7845.95
2013-02-25,116.08,-191.78,7868.5
2013-02-26,48.6,152.18,7795.7
2013-02-27,649.9,365.77,7843.3
2013-02-28,480.24,-424.6,7948.9
2013-03-01,-50.6,-218.75,7950.9
2013-03-02,-48.89,-299.75,8119.3
2013-03-03,483.86,-369,8152.9
2013-03-04,317.56,-175.07,8177.4
2013-03-05,272.61,-273.51,8129.35
2013-03-06,121.75,-207.63,8189.7
2013-03-07,436.79,102.49,8143.6
2013-03-08,898.23,-246.26,8131.7
2013-03-09,523.69,-354.96,8107.9
2013-03-10,-48.33,-138.73,8179.5
2013-03-11,229.18,-155.89,8238.15
2013-03-12,724.51,-530.78,8275.05
2013-03-13,9.5,-165.45,8261.65
2013-03-14,-731.17,160.17,8251.7
2013-03-15,174.12,-299.2,8295.45
2013-03-16,"-1,464.89","1,560.11",8260.55
2013-03-17,-272.67,145.38,8232.9
2013-03-18,-449.84,350.31,8171.2
2013-03-19,33.16,-74.9,8111.75
2013-03-20,-991.87,636.15,8065.8
2013-03-21,219.17,-39.45,8050.8
2013-03-22,-861.06,621.18,8060.7
2013-03-23,-661.95,658.33,8040.2
2013-03-24,-11.93,10.52,7955.45
2013-03-25,-746.7,70.89,7954.3
2013-03-26,"-1,051.26",661.71,7915.2
2013-03-27,-492.45,783.02,7783.35
2013-03-28,-768.46,759.26,7825
2013-03-29,-343.18,233.82,7762.25
2013-03-30,-94.09,610.16,7806.6
2013-03-31,-35.37,90.28,7837.55
2013-04-01,-540.12,532.13,7731.8
2013-04-02,-398.1,948.98,7842.75
2013-04-03,-519.25,900.48,7856.55
2013-04-04,"-1,043.84",601.73,7849.25
2013-04-05,-106.78,194.75,7831.6
2013-04-06,60.61,-78.31,7883.8
2013-04-07,-611.43,521.11,7942.7
2013-04-08,"-1,745.73","1,069.01",7935.25
2013-04-09,-65.04,-54.9,7954.9
2013-04-10,-518.46,590.32,7931.35
2013-04-11,-527.41,864.71,7864.15
2013-04-12,-580.28,410.92,7781.9
2013-04-13,253.73,292.88,7765.4
2013-04-14,-157.07,386.47,7701.7
2013-04-15,48.67,273.93,7612.5
2013-04-16,-503.22,"1,024.03",7683.3
2013-04-17,638.01,-366.23,7610.45
2013-04-18,-6.99,-404.98,7650.05
2013-04-19,37.37,62.7,7700.9
2013-04-20,168.73,238.36,7750.9
2013-04-21,385.82,632.64,7844.35
2013-04-22,-112.03,8.05,7761.95
2013-04-23,-302.62,987.82,7834.45
2013-04-24,8.49,6.44,7786.1
2013-04-25,152.2,-74.41,7865.95
2013-04-26,"1,123.41",-257.67,7861.05
